{
  "timestamp": "2025-12-01T18:07:53.752172",
  "config": {
    "num_runs": 10,
    "warmup_runs": 3,
    "num_texts": 5,
    "gpt4_model": "gpt-4"
  },
  "results": {
    "base_qwen": {
      "mean": 140.02407914260402,
      "std": 7.418650714644011,
      "min": 135.24208299349993,
      "max": 168.81795797962695,
      "median": 137.21160450950265,
      "n_runs": 50
    },
    "sft": {
      "mean": 170.61126080108806,
      "std": 11.92463105271685,
      "min": 161.95824998430908,
      "max": 235.37000000942498,
      "median": 168.25185396010056,
      "n_runs": 50
    },
    "dpo": {
      "mean": 165.04747500177473,
      "std": 2.2476462322636785,
      "min": 162.79891598969698,
      "max": 177.72012506611645,
      "median": 164.5939169684425,
      "n_runs": 50
    },
    "gpt4": {
      "mean": 631.4413199480623,
      "std": 261.4531302291946,
      "min": 341.5401659440249,
      "max": 1576.2670419644564,
      "median": 565.8834584755823,
      "n_runs": 50
    }
  }
}